-- ============================================================
-- Sintetik dataset — 40 qonaq, ~90 rezervasiya, ödənişlər,
-- 90 zəng logu, əlavə knowledge base. Generator: gen_synthetic.py
-- ============================================================

INSERT INTO guests (id, full_name, phone, email, notes) VALUES
('44444444-4444-4444-4444-444444444400', 'Elçin Babayev', '+994514744854', 'elcin.babayev14@ekhample.com', 'Gec check-in edəcəyini bildirib'),
('44444444-4444-4444-4444-444444444401', 'Ülviyyə Məmmədova', '+994502571945', 'ulviyye.memmedova65@ekhample.com', NULL),
('44444444-4444-4444-4444-444444444402', 'Xəyal Orucov', '+994518536477', 'kheyal.orucov1@ekhample.com', NULL),
('44444444-4444-4444-4444-444444444403', 'Emin Babayev', '+994514612365', NULL, 'Yuxarı mərtəbə istəyir'),
('44444444-4444-4444-4444-444444444404', 'Səbinə Quliyeva', '+994556770619', 'sebine.quliyeva6@ekhample.com', 'VIP müştəri'),
('44444444-4444-4444-4444-444444444405', 'Zaur Hüseynov', '+994775918715', NULL, 'Yuxarı mərtəbə istəyir'),
('44444444-4444-4444-4444-444444444406', 'Kamran Məmmədov', '+994994823498', NULL, NULL),
('44444444-4444-4444-4444-444444444407', 'Orxan Nəbiyev', '+994558606962', 'orkhan.nebiyev47@ekhample.com', NULL),
('44444444-4444-4444-4444-444444444408', 'Lalə Babayeva', '+994992197935', 'lale.babayeva22@ekhample.com', 'Gec check-in edəcəyini bildirib'),
('44444444-4444-4444-4444-444444444409', 'Samir Salahov', '+994705528972', NULL, 'Gec check-in edəcəyini bildirib'),
('44444444-4444-4444-4444-444444444410', 'Aynur Məmmədova', '+994511538552', NULL, 'Səssiz otaq xahiş edib'),
('44444444-4444-4444-4444-444444444411', 'Lalə Xəlilova', '+994519375710', 'lale.khelilova83@ekhample.com', 'VIP müştəri'),
('44444444-4444-4444-4444-444444444412', 'Nigar Qasımova', '+994995408072', NULL, 'Səssiz otaq xahiş edib'),
('44444444-4444-4444-4444-444444444413', 'Zaur Süleymanov', '+994513320821', 'zaur.suleymanov12@ekhample.com', NULL),
('44444444-4444-4444-4444-444444444414', 'Rüfət İsmayılov', '+994998082668', 'rufet.i̇smayilov50@ekhample.com', 'Səssiz otaq xahiş edib'),
('44444444-4444-4444-4444-444444444415', 'Murad Babayev', '+994771192619', 'murad.babayev15@ekhample.com', 'Gec check-in edəcəyini bildirib'),
('44444444-4444-4444-4444-444444444416', 'Emin Quliyev', '+994558294150', 'emin.quliyev1@ekhample.com', 'Allergiya: tük yastıq'),
('44444444-4444-4444-4444-444444444417', 'Samir Quliyev', '+994996007072', NULL, 'Gec check-in edəcəyini bildirib'),
('44444444-4444-4444-4444-444444444418', 'Rüfət Süleymanov', '+994519897858', NULL, 'Yuxarı mərtəbə istəyir'),
('44444444-4444-4444-4444-444444444419', 'Aysel Süleymanova', '+994555017343', 'aysel.suleymanova73@ekhample.com', NULL),
('44444444-4444-4444-4444-444444444420', 'Gülnar Hüseynova', '+994773109911', 'gulnar.huseynova61@ekhample.com', 'Gec check-in edəcəyini bildirib'),
('44444444-4444-4444-4444-444444444421', 'Arzu Orucova', '+994514374754', NULL, 'Səssiz otaq xahiş edib'),
('44444444-4444-4444-4444-444444444422', 'Rauf Salahov', '+994778574680', 'rauf.salahov29@ekhample.com', NULL),
('44444444-4444-4444-4444-444444444423', 'Nazrin Qasımova', '+994774694634', 'nazrin.qasimova91@ekhample.com', NULL),
('44444444-4444-4444-4444-444444444424', 'Leyla Xəlilova', '+994509626108', 'leyla.khelilova86@ekhample.com', 'VIP müştəri'),
('44444444-4444-4444-4444-444444444425', 'Nigar Kərimova', '+994518935169', NULL, 'Daimi qonaq'),
('44444444-4444-4444-4444-444444444426', 'Ülviyyə Süleymanova', '+994707897151', 'ulviyye.suleymanova94@ekhample.com', NULL),
('44444444-4444-4444-4444-444444444427', 'Orxan Məmmədov', '+994706692553', NULL, NULL),
('44444444-4444-4444-4444-444444444428', 'Lalə Salahova', '+994518077999', 'lale.salahova60@ekhample.com', 'Daimi qonaq'),
('44444444-4444-4444-4444-444444444429', 'Kamran Salahov', '+994772642635', 'kamran.salahov70@ekhample.com', NULL),
('44444444-4444-4444-4444-444444444430', 'Anar İsmayılov', '+994709147706', 'anar.i̇smayilov52@ekhample.com', NULL),
('44444444-4444-4444-4444-444444444431', 'Nərgiz Nəbiyeva', '+994558633773', 'nergiz.nebiyeva90@ekhample.com', 'Gec check-in edəcəyini bildirib'),
('44444444-4444-4444-4444-444444444432', 'Cavid Həsənov', '+994515977931', 'cavid.hesenov8@ekhample.com', 'Gec check-in edəcəyini bildirib'),
('44444444-4444-4444-4444-444444444433', 'Aynur Məmmədova', '+994508999183', 'aynur.memmedova68@ekhample.com', NULL),
('44444444-4444-4444-4444-444444444434', 'Arzu Hüseynova', '+994512149597', 'arzu.huseynova87@ekhample.com', 'Daimi qonaq'),
('44444444-4444-4444-4444-444444444435', 'Nazrin Qasımova', '+994771666754', 'nazrin.qasimova54@ekhample.com', 'Gec check-in edəcəyini bildirib'),
('44444444-4444-4444-4444-444444444436', 'Fidan Rəhimova', '+994996271130', 'fidan.rehimova51@ekhample.com', NULL),
('44444444-4444-4444-4444-444444444437', 'Nicat Salahov', '+994552217071', 'nicat.salahov80@ekhample.com', NULL),
('44444444-4444-4444-4444-444444444438', 'Lalə Babayeva', '+994516855396', NULL, 'Daimi qonaq'),
('44444444-4444-4444-4444-444444444439', 'Sevinc Salahova', '+994776075395', 'sevinc.salahova84@ekhample.com', 'Gec check-in edəcəyini bildirib');

INSERT INTO reservations (id, guest_id, room_type_id, check_in, check_out, status, total_price, call_id, created_via) VALUES
('55555555-5555-5555-5555-555555555500', '44444444-4444-4444-4444-444444444400', '22222222-2222-2222-2222-222222222203', CURRENT_DATE+(-149), CURRENT_DATE+(-142), 'checked_out', 2589.57, 'call_syn_000', 'website'),
('55555555-5555-5555-5555-555555555501', '44444444-4444-4444-4444-444444444408', '22222222-2222-2222-2222-222222222202', CURRENT_DATE+(-29), CURRENT_DATE+(-28), 'checked_out', 238.19, 'call_syn_001', 'website'),
('55555555-5555-5555-5555-555555555502', '44444444-4444-4444-4444-444444444417', '22222222-2222-2222-2222-222222222202', CURRENT_DATE+(-59), CURRENT_DATE+(-54), 'checked_out', 1183.81, 'call_syn_002', 'call_center'),
('55555555-5555-5555-5555-555555555503', '44444444-4444-4444-4444-444444444416', '22222222-2222-2222-2222-222222222203', CURRENT_DATE+(-69), CURRENT_DATE+(-65), 'checked_out', 1722.13, 'call_syn_003', 'call_center'),
('55555555-5555-5555-5555-555555555504', '44444444-4444-4444-4444-444444444405', '22222222-2222-2222-2222-222222222203', CURRENT_DATE+(-75), CURRENT_DATE+(-71), 'checked_out', 1377.63, 'call_syn_004', 'website'),
('55555555-5555-5555-5555-555555555505', '44444444-4444-4444-4444-444444444408', '22222222-2222-2222-2222-222222222203', CURRENT_DATE+(-45), CURRENT_DATE+(-42), 'checked_out', 1242.37, 'call_syn_005', 'call_center'),
('55555555-5555-5555-5555-555555555506', '44444444-4444-4444-4444-444444444435', '22222222-2222-2222-2222-222222222201', CURRENT_DATE+(-21), CURRENT_DATE+(-20), 'checked_out', 152.08, 'call_syn_006', 'call_center'),
('55555555-5555-5555-5555-555555555507', '44444444-4444-4444-4444-444444444434', '22222222-2222-2222-2222-222222222201', CURRENT_DATE+(-102), CURRENT_DATE+(-95), 'checked_out', 975.71, 'call_syn_007', 'call_center'),
('55555555-5555-5555-5555-555555555508', '44444444-4444-4444-4444-444444444427', '22222222-2222-2222-2222-222222222201', CURRENT_DATE+(-80), CURRENT_DATE+(-79), 'checked_out', 131.76, 'call_syn_008', 'website'),
('55555555-5555-5555-5555-555555555509', '44444444-4444-4444-4444-444444444422', '22222222-2222-2222-2222-222222222201', CURRENT_DATE+(-70), CURRENT_DATE+(-64), 'checked_out', 854.06, 'call_syn_009', 'call_center'),
('55555555-5555-5555-5555-555555555510', '44444444-4444-4444-4444-444444444435', '22222222-2222-2222-2222-222222222202', CURRENT_DATE+(-45), CURRENT_DATE+(-40), 'checked_out', 1243.66, 'call_syn_010', 'call_center'),
('55555555-5555-5555-5555-555555555511', '44444444-4444-4444-4444-444444444410', '22222222-2222-2222-2222-222222222201', CURRENT_DATE+(-11), CURRENT_DATE+(-7), 'checked_out', 501.11, 'call_syn_011', 'website'),
('55555555-5555-5555-5555-555555555512', '44444444-4444-4444-4444-444444444426', '22222222-2222-2222-2222-222222222203', CURRENT_DATE+(-71), CURRENT_DATE+(-64), 'checked_out', 2566.76, 'call_syn_012', 'call_center'),
('55555555-5555-5555-5555-555555555513', '44444444-4444-4444-4444-444444444424', '22222222-2222-2222-2222-222222222201', CURRENT_DATE+(-128), CURRENT_DATE+(-121), 'checked_out', 887.50, 'call_syn_013', 'call_center'),
('55555555-5555-5555-5555-555555555514', '44444444-4444-4444-4444-444444444422', '22222222-2222-2222-2222-222222222202', CURRENT_DATE+(-66), CURRENT_DATE+(-59), 'checked_out', 1458.23, 'call_syn_014', 'website'),
('55555555-5555-5555-5555-555555555515', '44444444-4444-4444-4444-444444444425', '22222222-2222-2222-2222-222222222202', CURRENT_DATE+(-21), CURRENT_DATE+(-18), 'checked_out', 753.29, 'call_syn_015', 'website'),
('55555555-5555-5555-5555-555555555516', '44444444-4444-4444-4444-444444444422', '22222222-2222-2222-2222-222222222203', CURRENT_DATE+(-108), CURRENT_DATE+(-103), 'checked_out', 2039.76, 'call_syn_016', 'call_center'),
('55555555-5555-5555-5555-555555555517', '44444444-4444-4444-4444-444444444401', '22222222-2222-2222-2222-222222222201', CURRENT_DATE+(-49), CURRENT_DATE+(-46), 'checked_out', 417.96, 'call_syn_017', 'website'),
('55555555-5555-5555-5555-555555555518', '44444444-4444-4444-4444-444444444402', '22222222-2222-2222-2222-222222222201', CURRENT_DATE+(-117), CURRENT_DATE+(-112), 'checked_out', 655.50, 'call_syn_018', 'call_center'),
('55555555-5555-5555-5555-555555555519', '44444444-4444-4444-4444-444444444427', '22222222-2222-2222-2222-222222222203', CURRENT_DATE+(-35), CURRENT_DATE+(-30), 'checked_out', 1892.60, 'call_syn_019', 'call_center'),
('55555555-5555-5555-5555-555555555520', '44444444-4444-4444-4444-444444444416', '22222222-2222-2222-2222-222222222201', CURRENT_DATE+(-118), CURRENT_DATE+(-112), 'checked_out', 714.36, 'call_syn_020', 'call_center'),
('55555555-5555-5555-5555-555555555521', '44444444-4444-4444-4444-444444444423', '22222222-2222-2222-2222-222222222202', CURRENT_DATE+(-172), CURRENT_DATE+(-171), 'checked_out', 248.44, 'call_syn_021', 'call_center'),
('55555555-5555-5555-5555-555555555522', '44444444-4444-4444-4444-444444444407', '22222222-2222-2222-2222-222222222203', CURRENT_DATE+(-133), CURRENT_DATE+(-130), 'checked_out', 1112.79, 'call_syn_022', 'call_center'),
('55555555-5555-5555-5555-555555555523', '44444444-4444-4444-4444-444444444420', '22222222-2222-2222-2222-222222222202', CURRENT_DATE+(-82), CURRENT_DATE+(-76), 'checked_out', 1364.27, 'call_syn_023', 'call_center'),
('55555555-5555-5555-5555-555555555524', '44444444-4444-4444-4444-444444444426', '22222222-2222-2222-2222-222222222203', CURRENT_DATE+(-178), CURRENT_DATE+(-174), 'checked_out', 1659.25, 'call_syn_024', 'call_center'),
('55555555-5555-5555-5555-555555555525', '44444444-4444-4444-4444-444444444439', '22222222-2222-2222-2222-222222222203', CURRENT_DATE+(-107), CURRENT_DATE+(-104), 'checked_out', 1184.38, 'call_syn_025', 'call_center'),
('55555555-5555-5555-5555-555555555526', '44444444-4444-4444-4444-444444444419', '22222222-2222-2222-2222-222222222202', CURRENT_DATE+(-113), CURRENT_DATE+(-111), 'checked_out', 481.36, 'call_syn_026', 'call_center'),
('55555555-5555-5555-5555-555555555527', '44444444-4444-4444-4444-444444444429', '22222222-2222-2222-2222-222222222202', CURRENT_DATE+(-177), CURRENT_DATE+(-173), 'checked_out', 831.15, 'call_syn_027', 'call_center'),
('55555555-5555-5555-5555-555555555528', '44444444-4444-4444-4444-444444444410', '22222222-2222-2222-2222-222222222203', CURRENT_DATE+(-74), CURRENT_DATE+(-73), 'checked_out', 391.55, 'call_syn_028', 'call_center'),
('55555555-5555-5555-5555-555555555529', '44444444-4444-4444-4444-444444444405', '22222222-2222-2222-2222-222222222201', CURRENT_DATE+(-86), CURRENT_DATE+(-80), 'checked_out', 761.17, 'call_syn_029', 'call_center'),
('55555555-5555-5555-5555-555555555530', '44444444-4444-4444-4444-444444444409', '22222222-2222-2222-2222-222222222201', CURRENT_DATE+(-64), CURRENT_DATE+(-63), 'checked_out', 153.44, 'call_syn_030', 'call_center'),
('55555555-5555-5555-5555-555555555531', '44444444-4444-4444-4444-444444444429', '22222222-2222-2222-2222-222222222202', CURRENT_DATE+(-154), CURRENT_DATE+(-148), 'checked_out', 1240.08, 'call_syn_031', 'call_center'),
('55555555-5555-5555-5555-555555555532', '44444444-4444-4444-4444-444444444431', '22222222-2222-2222-2222-222222222202', CURRENT_DATE+(-40), CURRENT_DATE+(-38), 'checked_out', 466.45, 'call_syn_032', 'call_center'),
('55555555-5555-5555-5555-555555555533', '44444444-4444-4444-4444-444444444406', '22222222-2222-2222-2222-222222222202', CURRENT_DATE+(-48), CURRENT_DATE+(-46), 'checked_out', 483.47, 'call_syn_033', 'call_center'),
('55555555-5555-5555-5555-555555555534', '44444444-4444-4444-4444-444444444403', '22222222-2222-2222-2222-222222222203', CURRENT_DATE+(-34), CURRENT_DATE+(-32), 'checked_out', 771.29, 'call_syn_034', 'call_center'),
('55555555-5555-5555-5555-555555555535', '44444444-4444-4444-4444-444444444433', '22222222-2222-2222-2222-222222222203', CURRENT_DATE+(-87), CURRENT_DATE+(-82), 'checked_out', 2175.02, 'call_syn_035', 'call_center'),
('55555555-5555-5555-5555-555555555536', '44444444-4444-4444-4444-444444444439', '22222222-2222-2222-2222-222222222203', CURRENT_DATE+(-115), CURRENT_DATE+(-110), 'checked_out', 2115.28, 'call_syn_036', 'call_center'),
('55555555-5555-5555-5555-555555555537', '44444444-4444-4444-4444-444444444410', '22222222-2222-2222-2222-222222222203', CURRENT_DATE+(-129), CURRENT_DATE+(-122), 'checked_out', 2695.05, 'call_syn_037', 'call_center'),
('55555555-5555-5555-5555-555555555538', '44444444-4444-4444-4444-444444444417', '22222222-2222-2222-2222-222222222203', CURRENT_DATE+(-165), CURRENT_DATE+(-161), 'checked_out', 1455.70, 'call_syn_038', 'website'),
('55555555-5555-5555-5555-555555555539', '44444444-4444-4444-4444-444444444404', '22222222-2222-2222-2222-222222222203', CURRENT_DATE+(-64), CURRENT_DATE+(-61), 'checked_out', 1101.51, 'call_syn_039', 'website'),
('55555555-5555-5555-5555-555555555540', '44444444-4444-4444-4444-444444444434', '22222222-2222-2222-2222-222222222201', CURRENT_DATE+(-41), CURRENT_DATE+(-39), 'checked_out', 254.19, 'call_syn_040', 'website'),
('55555555-5555-5555-5555-555555555541', '44444444-4444-4444-4444-444444444413', '22222222-2222-2222-2222-222222222201', CURRENT_DATE+(-109), CURRENT_DATE+(-105), 'checked_out', 522.32, 'call_syn_041', 'call_center'),
('55555555-5555-5555-5555-555555555542', '44444444-4444-4444-4444-444444444426', '22222222-2222-2222-2222-222222222201', CURRENT_DATE+(-110), CURRENT_DATE+(-108), 'checked_out', 265.26, 'call_syn_042', 'call_center'),
('55555555-5555-5555-5555-555555555543', '44444444-4444-4444-4444-444444444436', '22222222-2222-2222-2222-222222222202', CURRENT_DATE+(-6), CURRENT_DATE+(-2), 'checked_out', 998.83, 'call_syn_043', 'call_center'),
('55555555-5555-5555-5555-555555555544', '44444444-4444-4444-4444-444444444424', '22222222-2222-2222-2222-222222222202', CURRENT_DATE+(-145), CURRENT_DATE+(-140), 'checked_out', 1207.46, 'call_syn_044', 'website'),
('55555555-5555-5555-5555-555555555545', '44444444-4444-4444-4444-444444444431', '22222222-2222-2222-2222-222222222201', CURRENT_DATE+(-115), CURRENT_DATE+(-112), 'checked_out', 407.99, 'call_syn_045', 'call_center'),
('55555555-5555-5555-5555-555555555546', '44444444-4444-4444-4444-444444444421', '22222222-2222-2222-2222-222222222203', CURRENT_DATE+(-110), CURRENT_DATE+(-104), 'checked_out', 2474.51, 'call_syn_046', 'website'),
('55555555-5555-5555-5555-555555555547', '44444444-4444-4444-4444-444444444408', '22222222-2222-2222-2222-222222222203', CURRENT_DATE+(-12), CURRENT_DATE+(-7), 'checked_out', 2153.46, 'call_syn_047', 'website'),
('55555555-5555-5555-5555-555555555548', '44444444-4444-4444-4444-444444444405', '22222222-2222-2222-2222-222222222203', CURRENT_DATE+(-39), CURRENT_DATE+(-35), 'checked_out', 1706.74, 'call_syn_048', 'call_center'),
('55555555-5555-5555-5555-555555555549', '44444444-4444-4444-4444-444444444403', '22222222-2222-2222-2222-222222222202', CURRENT_DATE+(-88), CURRENT_DATE+(-84), 'checked_out', 830.68, 'call_syn_049', 'call_center'),
('55555555-5555-5555-5555-555555555550', '44444444-4444-4444-4444-444444444421', '22222222-2222-2222-2222-222222222202', CURRENT_DATE+(-111), CURRENT_DATE+(-108), 'checked_out', 630.02, 'call_syn_050', 'call_center'),
('55555555-5555-5555-5555-555555555551', '44444444-4444-4444-4444-444444444430', '22222222-2222-2222-2222-222222222201', CURRENT_DATE+(-145), CURRENT_DATE+(-139), 'checked_out', 724.94, 'call_syn_051', 'call_center'),
('55555555-5555-5555-5555-555555555552', '44444444-4444-4444-4444-444444444414', '22222222-2222-2222-2222-222222222203', CURRENT_DATE+(-168), CURRENT_DATE+(-167), 'checked_out', 344.03, 'call_syn_052', 'call_center'),
('55555555-5555-5555-5555-555555555553', '44444444-4444-4444-4444-444444444415', '22222222-2222-2222-2222-222222222201', CURRENT_DATE+(-13), CURRENT_DATE+(-6), 'checked_out', 985.23, 'call_syn_053', 'call_center'),
('55555555-5555-5555-5555-555555555554', '44444444-4444-4444-4444-444444444408', '22222222-2222-2222-2222-222222222202', CURRENT_DATE+(-36), CURRENT_DATE+(-30), 'checked_out', 1367.57, 'call_syn_054', 'website'),
('55555555-5555-5555-5555-555555555555', '44444444-4444-4444-4444-444444444429', '22222222-2222-2222-2222-222222222203', CURRENT_DATE+(8), CURRENT_DATE+(11), 'cancelled', 1200.00, 'call_syn_055', 'website'),
('55555555-5555-5555-5555-555555555556', '44444444-4444-4444-4444-444444444438', '22222222-2222-2222-2222-222222222203', CURRENT_DATE+(9), CURRENT_DATE+(10), 'cancelled', 400.00, 'call_syn_056', 'call_center'),
('55555555-5555-5555-5555-555555555557', '44444444-4444-4444-4444-444444444419', '22222222-2222-2222-2222-222222222201', CURRENT_DATE+(-87), CURRENT_DATE+(-82), 'cancelled', 700.00, 'call_syn_057', 'call_center'),
('55555555-5555-5555-5555-555555555558', '44444444-4444-4444-4444-444444444436', '22222222-2222-2222-2222-222222222203', CURRENT_DATE+(-40), CURRENT_DATE+(-36), 'cancelled', 1600.00, 'call_syn_058', 'call_center'),
('55555555-5555-5555-5555-555555555559', '44444444-4444-4444-4444-444444444412', '22222222-2222-2222-2222-222222222201', CURRENT_DATE+(-2), CURRENT_DATE+(3), 'cancelled', 700.00, 'call_syn_059', 'call_center'),
('55555555-5555-5555-5555-555555555560', '44444444-4444-4444-4444-444444444415', '22222222-2222-2222-2222-222222222201', CURRENT_DATE+(18), CURRENT_DATE+(21), 'cancelled', 420.00, 'call_syn_060', 'call_center'),
('55555555-5555-5555-5555-555555555561', '44444444-4444-4444-4444-444444444407', '22222222-2222-2222-2222-222222222203', CURRENT_DATE+(-46), CURRENT_DATE+(-45), 'cancelled', 400.00, 'call_syn_061', 'call_center'),
('55555555-5555-5555-5555-555555555562', '44444444-4444-4444-4444-444444444423', '22222222-2222-2222-2222-222222222201', CURRENT_DATE+(-8), CURRENT_DATE+(-3), 'cancelled', 700.00, 'call_syn_062', 'website'),
('55555555-5555-5555-5555-555555555563', '44444444-4444-4444-4444-444444444426', '22222222-2222-2222-2222-222222222202', CURRENT_DATE+(-35), CURRENT_DATE+(-34), 'cancelled', 230.00, 'call_syn_063', 'website'),
('55555555-5555-5555-5555-555555555564', '44444444-4444-4444-4444-444444444429', '22222222-2222-2222-2222-222222222203', CURRENT_DATE+(-35), CURRENT_DATE+(-33), 'cancelled', 800.00, 'call_syn_064', 'call_center'),
('55555555-5555-5555-5555-555555555565', '44444444-4444-4444-4444-444444444433', '22222222-2222-2222-2222-222222222203', CURRENT_DATE+(-12), CURRENT_DATE+(-9), 'cancelled', 1200.00, 'call_syn_065', 'website'),
('55555555-5555-5555-5555-555555555566', '44444444-4444-4444-4444-444444444434', '22222222-2222-2222-2222-222222222202', CURRENT_DATE+(-35), CURRENT_DATE+(-31), 'cancelled', 920.00, 'call_syn_066', 'call_center'),
('55555555-5555-5555-5555-555555555567', '44444444-4444-4444-4444-444444444437', '22222222-2222-2222-2222-222222222202', CURRENT_DATE+(7), CURRENT_DATE+(10), 'confirmed', 690.00, 'call_syn_067', 'call_center'),
('55555555-5555-5555-5555-555555555568', '44444444-4444-4444-4444-444444444415', '22222222-2222-2222-2222-222222222202', CURRENT_DATE+(19), CURRENT_DATE+(24), 'pending', 1150.00, 'call_syn_068', 'website'),
('55555555-5555-5555-5555-555555555569', '44444444-4444-4444-4444-444444444421', '22222222-2222-2222-2222-222222222201', CURRENT_DATE+(10), CURRENT_DATE+(14), 'confirmed', 560.00, 'call_syn_069', 'call_center'),
('55555555-5555-5555-5555-555555555570', '44444444-4444-4444-4444-444444444416', '22222222-2222-2222-2222-222222222202', CURRENT_DATE+(19), CURRENT_DATE+(22), 'confirmed', 690.00, 'call_syn_070', 'call_center'),
('55555555-5555-5555-5555-555555555571', '44444444-4444-4444-4444-444444444412', '22222222-2222-2222-2222-222222222201', CURRENT_DATE+(23), CURRENT_DATE+(25), 'pending', 280.00, 'call_syn_071', 'website'),
('55555555-5555-5555-5555-555555555572', '44444444-4444-4444-4444-444444444431', '22222222-2222-2222-2222-222222222203', CURRENT_DATE+(22), CURRENT_DATE+(24), 'pending', 800.00, 'call_syn_072', 'call_center'),
('55555555-5555-5555-5555-555555555573', '44444444-4444-4444-4444-444444444431', '22222222-2222-2222-2222-222222222202', CURRENT_DATE+(2), CURRENT_DATE+(3), 'confirmed', 230.00, 'call_syn_073', 'call_center'),
('55555555-5555-5555-5555-555555555574', '44444444-4444-4444-4444-444444444415', '22222222-2222-2222-2222-222222222202', CURRENT_DATE+(11), CURRENT_DATE+(16), 'pending', 1150.00, 'call_syn_074', 'call_center'),
('55555555-5555-5555-5555-555555555575', '44444444-4444-4444-4444-444444444435', '22222222-2222-2222-2222-222222222203', CURRENT_DATE+(13), CURRENT_DATE+(16), 'confirmed', 1200.00, 'call_syn_075', 'call_center'),
('55555555-5555-5555-5555-555555555576', '44444444-4444-4444-4444-444444444417', '22222222-2222-2222-2222-222222222202', CURRENT_DATE+(7), CURRENT_DATE+(10), 'confirmed', 690.00, 'call_syn_076', 'call_center'),
('55555555-5555-5555-5555-555555555577', '44444444-4444-4444-4444-444444444434', '22222222-2222-2222-2222-222222222203', CURRENT_DATE+(6), CURRENT_DATE+(8), 'confirmed', 800.00, 'call_syn_077', 'call_center'),
('55555555-5555-5555-5555-555555555578', '44444444-4444-4444-4444-444444444437', '22222222-2222-2222-2222-222222222203', CURRENT_DATE+(9), CURRENT_DATE+(14), 'confirmed', 2000.00, 'call_syn_078', 'website'),
('55555555-5555-5555-5555-555555555579', '44444444-4444-4444-4444-444444444423', '22222222-2222-2222-2222-222222222201', CURRENT_DATE+(0), CURRENT_DATE+(3), 'confirmed', 420.00, 'call_syn_079', 'website'),
('55555555-5555-5555-5555-555555555580', '44444444-4444-4444-4444-444444444403', '22222222-2222-2222-2222-222222222203', CURRENT_DATE+(22), CURRENT_DATE+(25), 'confirmed', 1200.00, 'call_syn_080', 'call_center'),
('55555555-5555-5555-5555-555555555581', '44444444-4444-4444-4444-444444444400', '22222222-2222-2222-2222-222222222203', CURRENT_DATE+(15), CURRENT_DATE+(18), 'pending', 1200.00, 'call_syn_081', 'call_center'),
('55555555-5555-5555-5555-555555555582', '44444444-4444-4444-4444-444444444428', '22222222-2222-2222-2222-222222222202', CURRENT_DATE+(1), CURRENT_DATE+(3), 'confirmed', 460.00, 'call_syn_082', 'call_center'),
('55555555-5555-5555-5555-555555555583', '44444444-4444-4444-4444-444444444404', '22222222-2222-2222-2222-222222222202', CURRENT_DATE+(2), CURRENT_DATE+(6), 'confirmed', 920.00, 'call_syn_083', 'call_center'),
('55555555-5555-5555-5555-555555555584', '44444444-4444-4444-4444-444444444436', '22222222-2222-2222-2222-222222222202', CURRENT_DATE+(7), CURRENT_DATE+(8), 'confirmed', 230.00, 'call_syn_084', 'website'),
('55555555-5555-5555-5555-555555555585', '44444444-4444-4444-4444-444444444439', '22222222-2222-2222-2222-222222222201', CURRENT_DATE+(12), CURRENT_DATE+(17), 'pending', 700.00, 'call_syn_085', 'website'),
('55555555-5555-5555-5555-555555555586', '44444444-4444-4444-4444-444444444428', '22222222-2222-2222-2222-222222222202', CURRENT_DATE+(13), CURRENT_DATE+(18), 'confirmed', 1150.00, 'call_syn_086', 'call_center'),
('55555555-5555-5555-5555-555555555587', '44444444-4444-4444-4444-444444444406', '22222222-2222-2222-2222-222222222201', CURRENT_DATE+(8), CURRENT_DATE+(10), 'confirmed', 280.00, 'call_syn_087', 'call_center'),
('55555555-5555-5555-5555-555555555588', '44444444-4444-4444-4444-444444444435', '22222222-2222-2222-2222-222222222201', CURRENT_DATE+(0), CURRENT_DATE+(2), 'pending', 280.00, 'call_syn_088', 'call_center');

INSERT INTO payments (reservation_id, amount, status, method) VALUES
('55555555-5555-5555-5555-555555555500', 2589.57, 'paid', 'card'),
('55555555-5555-5555-5555-555555555501', 238.19, 'paid', 'card'),
('55555555-5555-5555-5555-555555555502', 1183.81, 'paid', 'card'),
('55555555-5555-5555-5555-555555555503', 1722.13, 'paid', 'card'),
('55555555-5555-5555-5555-555555555504', 1377.63, 'paid', 'cash'),
('55555555-5555-5555-5555-555555555505', 1242.37, 'paid', 'transfer'),
('55555555-5555-5555-5555-555555555506', 152.08, 'paid', 'card'),
('55555555-5555-5555-5555-555555555507', 975.71, 'paid', 'card'),
('55555555-5555-5555-5555-555555555508', 131.76, 'paid', 'card'),
('55555555-5555-5555-5555-555555555509', 854.06, 'paid', 'cash'),
('55555555-5555-5555-5555-555555555510', 1243.66, 'paid', 'card'),
('55555555-5555-5555-5555-555555555511', 501.11, 'paid', 'cash'),
('55555555-5555-5555-5555-555555555512', 2566.76, 'paid', 'card'),
('55555555-5555-5555-5555-555555555513', 887.50, 'paid', 'transfer'),
('55555555-5555-5555-5555-555555555514', 1458.23, 'paid', 'card'),
('55555555-5555-5555-5555-555555555515', 753.29, 'paid', 'cash'),
('55555555-5555-5555-5555-555555555516', 2039.76, 'paid', 'cash'),
('55555555-5555-5555-5555-555555555517', 417.96, 'paid', 'cash'),
('55555555-5555-5555-5555-555555555518', 655.50, 'paid', 'cash'),
('55555555-5555-5555-5555-555555555519', 1892.60, 'paid', 'card'),
('55555555-5555-5555-5555-555555555520', 714.36, 'paid', 'card'),
('55555555-5555-5555-5555-555555555521', 248.44, 'paid', 'cash'),
('55555555-5555-5555-5555-555555555522', 1112.79, 'paid', 'transfer'),
('55555555-5555-5555-5555-555555555523', 1364.27, 'paid', 'card'),
('55555555-5555-5555-5555-555555555524', 1659.25, 'paid', 'card'),
('55555555-5555-5555-5555-555555555525', 1184.38, 'paid', 'card'),
('55555555-5555-5555-5555-555555555526', 481.36, 'paid', 'cash'),
('55555555-5555-5555-5555-555555555527', 831.15, 'paid', 'transfer'),
('55555555-5555-5555-5555-555555555528', 391.55, 'paid', 'cash'),
('55555555-5555-5555-5555-555555555529', 761.17, 'paid', 'card'),
('55555555-5555-5555-5555-555555555530', 153.44, 'paid', 'card'),
('55555555-5555-5555-5555-555555555531', 1240.08, 'paid', 'transfer'),
('55555555-5555-5555-5555-555555555532', 466.45, 'paid', 'card'),
('55555555-5555-5555-5555-555555555533', 483.47, 'paid', 'transfer'),
('55555555-5555-5555-5555-555555555534', 771.29, 'paid', 'transfer'),
('55555555-5555-5555-5555-555555555535', 2175.02, 'paid', 'transfer'),
('55555555-5555-5555-5555-555555555536', 2115.28, 'paid', 'transfer'),
('55555555-5555-5555-5555-555555555537', 2695.05, 'paid', 'card'),
('55555555-5555-5555-5555-555555555538', 1455.70, 'paid', 'transfer'),
('55555555-5555-5555-5555-555555555539', 1101.51, 'paid', 'cash'),
('55555555-5555-5555-5555-555555555540', 254.19, 'paid', 'card'),
('55555555-5555-5555-5555-555555555541', 522.32, 'paid', 'transfer'),
('55555555-5555-5555-5555-555555555542', 265.26, 'paid', 'card'),
('55555555-5555-5555-5555-555555555543', 998.83, 'paid', 'cash'),
('55555555-5555-5555-5555-555555555544', 1207.46, 'paid', 'card'),
('55555555-5555-5555-5555-555555555545', 407.99, 'paid', 'transfer'),
('55555555-5555-5555-5555-555555555546', 2474.51, 'paid', 'transfer'),
('55555555-5555-5555-5555-555555555547', 2153.46, 'paid', 'card'),
('55555555-5555-5555-5555-555555555548', 1706.74, 'paid', 'card'),
('55555555-5555-5555-5555-555555555549', 830.68, 'paid', 'cash'),
('55555555-5555-5555-5555-555555555550', 630.02, 'paid', 'card'),
('55555555-5555-5555-5555-555555555551', 724.94, 'paid', 'cash'),
('55555555-5555-5555-5555-555555555552', 344.03, 'paid', 'card'),
('55555555-5555-5555-5555-555555555553', 985.23, 'paid', 'card'),
('55555555-5555-5555-5555-555555555554', 1367.57, 'paid', 'card'),
('55555555-5555-5555-5555-555555555564', 800.00, 'refunded', 'card'),
('55555555-5555-5555-5555-555555555567', 690.00, 'pending', 'cash'),
('55555555-5555-5555-5555-555555555569', 560.00, 'paid', 'transfer'),
('55555555-5555-5555-5555-555555555570', 690.00, 'paid', 'card'),
('55555555-5555-5555-5555-555555555573', 230.00, 'paid', 'card'),
('55555555-5555-5555-5555-555555555575', 1200.00, 'pending', 'cash'),
('55555555-5555-5555-5555-555555555576', 690.00, 'paid', 'card'),
('55555555-5555-5555-5555-555555555577', 800.00, 'paid', 'transfer'),
('55555555-5555-5555-5555-555555555578', 2000.00, 'paid', 'card'),
('55555555-5555-5555-5555-555555555579', 420.00, 'paid', 'cash'),
('55555555-5555-5555-5555-555555555580', 1200.00, 'paid', 'transfer'),
('55555555-5555-5555-5555-555555555582', 460.00, 'paid', 'transfer'),
('55555555-5555-5555-5555-555555555583', 920.00, 'paid', 'card'),
('55555555-5555-5555-5555-555555555584', 230.00, 'paid', 'transfer'),
('55555555-5555-5555-5555-555555555586', 1150.00, 'paid', 'card'),
('55555555-5555-5555-5555-555555555587', 280.00, 'paid', 'card');

INSERT INTO call_logs (call_id, phone_number, transcript, intent_detected, tool_calls, duration_seconds, created_at) VALUES
('call_hist_000', '+994518077999', 'Salam, Suite otağın qiyməti nə qədərdir? ... Suite otağımız gecəlik 400 manatdır, minimum 2 gecə.', 'price_inquiry', '[{"tool": "price_inquiry", "status": "success"}]', 153, now() - interval '73 days' - interval '8639 seconds'),
('call_hist_001', '+994519897858', 'Salam, Suite otağın qiyməti nə qədərdir? ... Suite otağımız gecəlik 400 manatdır, minimum 2 gecə.', 'price_inquiry', '[{"tool": "price_inquiry", "status": "success"}]', 355, now() - interval '150 days' - interval '43213 seconds'),
('call_hist_002', '+994995408072', 'Salam, check-in saat neçədədir? ... Check-in saat 14:00-dan başlayır, check-out 12:00-a qədərdir.', 'hotel_info', '[{"tool": "hotel_info", "status": "success"}]', 171, now() - interval '36 days' - interval '12387 seconds'),
('call_hist_003', '+994556770619', 'Salam, CURRENT_DATE+10 tarixinə boş otağınız varmı? ... Bəli, Standart otağımız mövcuddur, qiyməti gecəlik 140 manatdır.', 'check_availability', '[{"tool": "check_availability", "status": "success"}]', 182, now() - interval '112 days' - interval '73133 seconds'),
('call_hist_004', '+994558606962', 'Salam, check-in saat neçədədir? ... Check-in saat 14:00-dan başlayır, check-out 12:00-a qədərdir.', 'hotel_info', '[{"tool": "hotel_info", "status": "success"}]', 291, now() - interval '138 days' - interval '50667 seconds'),
('call_hist_005', '+994558633773', 'Salam, check-in saat neçədədir? ... Check-in saat 14:00-dan başlayır, check-out 12:00-a qədərdir.', 'hotel_info', '[{"tool": "hotel_info", "status": "success"}]', 411, now() - interval '82 days' - interval '37243 seconds'),
('call_hist_006', '+994516855396', 'Salam, rezervasiyamı ləğv etmək istəyirəm. ... Rezervasiyanız ləğv edildi, ödəniş geri qaytarılacaq.', 'cancel_reservation', '[{"tool": "cancel_reservation", "status": "success"}]', 335, now() - interval '5 days' - interval '33029 seconds'),
('call_hist_007', '+994996007072', 'Salam, spa xidmətiniz varmı? ... Bəli, 60 dəqiqəlik spa paketi 80 manatdır.', 'services_info', '[{"tool": "services_info", "status": "success"}]', 300, now() - interval '166 days' - interval '78997 seconds'),
('call_hist_008', '+994518077999', 'Salam, rezervasiyamı ləğv etmək istəyirəm. ... Rezervasiyanız ləğv edildi, ödəniş geri qaytarılacaq.', 'cancel_reservation', '[{"tool": "cancel_reservation", "status": "success"}]', 81, now() - interval '120 days' - interval '19709 seconds'),
('call_hist_009', '+994778574680', 'Salam, check-in saat neçədədir? ... Check-in saat 14:00-dan başlayır, check-out 12:00-a qədərdir.', 'hotel_info', '[{"tool": "hotel_info", "status": "success"}]', 203, now() - interval '105 days' - interval '43694 seconds'),
('call_hist_010', '+994558633773', 'Salam, rezervasiyamı ləğv etmək istəyirəm. ... Rezervasiyanız ləğv edildi, ödəniş geri qaytarılacaq.', 'cancel_reservation', '[{"tool": "cancel_reservation", "status": "success"}]', 267, now() - interval '22 days' - interval '10682 seconds'),
('call_hist_011', '+994773109911', 'Salam, rezervasiyamı ləğv etmək istəyirəm. ... Rezervasiyanız ləğv edildi, ödəniş geri qaytarılacaq.', 'cancel_reservation', '[{"tool": "cancel_reservation", "status": "success"}]', 35, now() - interval '168 days' - interval '76380 seconds'),
('call_hist_012', '+994512149597', 'Salam, check-in saat neçədədir? ... Check-in saat 14:00-dan başlayır, check-out 12:00-a qədərdir.', 'hotel_info', '[{"tool": "hotel_info", "status": "success"}]', 220, now() - interval '159 days' - interval '18537 seconds'),
('call_hist_013', '+994558633773', 'Salam, Suite otağın qiyməti nə qədərdir? ... Suite otağımız gecəlik 400 manatdır, minimum 2 gecə.', 'price_inquiry', '[{"tool": "price_inquiry", "status": "success"}]', 171, now() - interval '140 days' - interval '45851 seconds'),
('call_hist_014', '+994992197935', 'Salam, rezervasiyamı ləğv etmək istəyirəm. ... Rezervasiyanız ləğv edildi, ödəniş geri qaytarılacaq.', 'cancel_reservation', '[{"tool": "cancel_reservation", "status": "success"}]', 49, now() - interval '161 days' - interval '40662 seconds'),
('call_hist_015', '+994516855396', 'Salam, endirim kampaniyanız varmı? ... Bəli, 3 gecədən çox qalanlara Deluxe və Suite otaqlarda 15% endirim var.', 'campaign_inquiry', '[{"tool": "campaign_inquiry", "status": "success"}]', 317, now() - interval '3 days' - interval '85990 seconds'),
('call_hist_016', '+994771666754', 'Salam, check-in saat neçədədir? ... Check-in saat 14:00-dan başlayır, check-out 12:00-a qədərdir.', 'hotel_info', '[{"tool": "hotel_info", "status": "success"}]', 95, now() - interval '165 days' - interval '51374 seconds'),
('call_hist_017', '+994705528972', 'Salam, check-in saat neçədədir? ... Check-in saat 14:00-dan başlayır, check-out 12:00-a qədərdir.', 'hotel_info', '[{"tool": "hotel_info", "status": "success"}]', 247, now() - interval '123 days' - interval '16901 seconds'),
('call_hist_018', '+994709147706', 'Salam, Deluxe otaq bron etmək istəyirəm. ... Rezervasiyanız təsdiqləndi, 2 gecə, cəmi 920 manat.', 'create_reservation', '[{"tool": "create_reservation", "status": "success"}]', 132, now() - interval '153 days' - interval '77993 seconds'),
('call_hist_019', '+994515977931', 'Salam, Suite otağın qiyməti nə qədərdir? ... Suite otağımız gecəlik 400 manatdır, minimum 2 gecə.', 'price_inquiry', '[{"tool": "price_inquiry", "status": "success"}]', 209, now() - interval '129 days' - interval '11104 seconds'),
('call_hist_020', '+994996007072', 'Salam, endirim kampaniyanız varmı? ... Bəli, 3 gecədən çox qalanlara Deluxe və Suite otaqlarda 15% endirim var.', 'campaign_inquiry', '[{"tool": "campaign_inquiry", "status": "success"}]', 331, now() - interval '168 days' - interval '40577 seconds'),
('call_hist_021', '+994558633773', 'Salam, endirim kampaniyanız varmı? ... Bəli, 3 gecədən çox qalanlara Deluxe və Suite otaqlarda 15% endirim var.', 'campaign_inquiry', '[{"tool": "campaign_inquiry", "status": "success"}]', 211, now() - interval '85 days' - interval '73259 seconds'),
('call_hist_022', '+994771666754', 'Salam, endirim kampaniyanız varmı? ... Bəli, 3 gecədən çox qalanlara Deluxe və Suite otaqlarda 15% endirim var.', 'campaign_inquiry', '[{"tool": "campaign_inquiry", "status": "success"}]', 131, now() - interval '178 days' - interval '49372 seconds'),
('call_hist_023', '+994771192619', 'Salam, spa xidmətiniz varmı? ... Bəli, 60 dəqiqəlik spa paketi 80 manatdır.', 'services_info', '[{"tool": "services_info", "status": "success"}]', 197, now() - interval '121 days' - interval '84343 seconds'),
('call_hist_024', '+994509626108', 'Salam, check-in saat neçədədir? ... Check-in saat 14:00-dan başlayır, check-out 12:00-a qədərdir.', 'hotel_info', '[{"tool": "hotel_info", "status": "success"}]', 53, now() - interval '32 days' - interval '43054 seconds'),
('call_hist_025', '+994515977931', 'Salam, spa xidmətiniz varmı? ... Bəli, 60 dəqiqəlik spa paketi 80 manatdır.', 'services_info', '[{"tool": "services_info", "status": "success"}]', 304, now() - interval '116 days' - interval '16750 seconds'),
('call_hist_026', '+994514744854', 'Salam, Suite otağın qiyməti nə qədərdir? ... Suite otağımız gecəlik 400 manatdır, minimum 2 gecə.', 'price_inquiry', '[{"tool": "price_inquiry", "status": "success"}]', 275, now() - interval '67 days' - interval '68995 seconds'),
('call_hist_027', '+994514374754', 'Salam, spa xidmətiniz varmı? ... Bəli, 60 dəqiqəlik spa paketi 80 manatdır.', 'services_info', '[{"tool": "services_info", "status": "success"}]', 380, now() - interval '136 days' - interval '12249 seconds'),
('call_hist_028', '+994509626108', 'Salam, rezervasiyamı ləğv etmək istəyirəm. ... Rezervasiyanız ləğv edildi, ödəniş geri qaytarılacaq.', 'cancel_reservation', '[{"tool": "cancel_reservation", "status": "success"}]', 53, now() - interval '158 days' - interval '84675 seconds'),
('call_hist_029', '+994556770619', 'Salam, Suite otaq bron etmək istəyirəm. ... Rezervasiyanız təsdiqləndi, 3 gecə, cəmi 800 manat.', 'create_reservation', '[{"tool": "create_reservation", "status": "success"}]', 417, now() - interval '23 days' - interval '55496 seconds'),
('call_hist_030', '+994706692553', 'Salam, CURRENT_DATE+23 tarixinə boş otağınız varmı? ... Bəli, Suite otağımız mövcuddur, qiyməti gecəlik 400 manatdır.', 'check_availability', '[{"tool": "check_availability", "status": "success"}]', 120, now() - interval '177 days' - interval '66648 seconds'),
('call_hist_031', '+994555017343', 'Salam, CURRENT_DATE+11 tarixinə boş otağınız varmı? ... Bəli, Standart otağımız mövcuddur, qiyməti gecəlik 140 manatdır.', 'check_availability', '[{"tool": "check_availability", "status": "success"}]', 218, now() - interval '95 days' - interval '47425 seconds'),
('call_hist_032', '+994706692553', 'Salam, Standart otaq bron etmək istəyirəm. ... Rezervasiyanız təsdiqləndi, 4 gecə, cəmi 700 manat.', 'create_reservation', '[{"tool": "create_reservation", "status": "success"}]', 384, now() - interval '46 days' - interval '2389 seconds'),
('call_hist_033', '+994511538552', 'Salam, Standart otaq bron etmək istəyirəm. ... Rezervasiyanız təsdiqləndi, 4 gecə, cəmi 700 manat.', 'create_reservation', '[{"tool": "create_reservation", "status": "success"}]', 384, now() - interval '61 days' - interval '47526 seconds'),
('call_hist_034', '+994558633773', 'Salam, spa xidmətiniz varmı? ... Bəli, 60 dəqiqəlik spa paketi 80 manatdır.', 'services_info', '[{"tool": "services_info", "status": "success"}]', 270, now() - interval '65 days' - interval '40483 seconds'),
('call_hist_035', '+994514744854', 'Salam, endirim kampaniyanız varmı? ... Bəli, 3 gecədən çox qalanlara Deluxe və Suite otaqlarda 15% endirim var.', 'campaign_inquiry', '[{"tool": "campaign_inquiry", "status": "success"}]', 72, now() - interval '113 days' - interval '23627 seconds'),
('call_hist_036', '+994778574680', 'Salam, spa xidmətiniz varmı? ... Bəli, 60 dəqiqəlik spa paketi 80 manatdır.', 'services_info', '[{"tool": "services_info", "status": "success"}]', 268, now() - interval '77 days' - interval '28074 seconds'),
('call_hist_037', '+994995408072', 'Salam, check-in saat neçədədir? ... Check-in saat 14:00-dan başlayır, check-out 12:00-a qədərdir.', 'hotel_info', '[{"tool": "hotel_info", "status": "success"}]', 327, now() - interval '91 days' - interval '44791 seconds'),
('call_hist_038', '+994996271130', 'Salam, rezervasiyamı ləğv etmək istəyirəm. ... Rezervasiyanız ləğv edildi, ödəniş geri qaytarılacaq.', 'cancel_reservation', '[{"tool": "cancel_reservation", "status": "success"}]', 175, now() - interval '2 days' - interval '63736 seconds'),
('call_hist_039', '+994996271130', 'Salam, endirim kampaniyanız varmı? ... Bəli, 3 gecədən çox qalanlara Deluxe və Suite otaqlarda 15% endirim var.', 'campaign_inquiry', '[{"tool": "campaign_inquiry", "status": "success"}]', 416, now() - interval '127 days' - interval '25166 seconds'),
('call_hist_040', '+994519897858', 'Salam, endirim kampaniyanız varmı? ... Bəli, 3 gecədən çox qalanlara Deluxe və Suite otaqlarda 15% endirim var.', 'campaign_inquiry', '[{"tool": "campaign_inquiry", "status": "success"}]', 360, now() - interval '48 days' - interval '29693 seconds'),
('call_hist_041', '+994776075395', 'Salam, rezervasiyamı ləğv etmək istəyirəm. ... Rezervasiyanız ləğv edildi, ödəniş geri qaytarılacaq.', 'cancel_reservation', '[{"tool": "cancel_reservation", "status": "success"}]', 356, now() - interval '165 days' - interval '18030 seconds'),
('call_hist_042', '+994518536477', 'Salam, rezervasiyamı ləğv etmək istəyirəm. ... Rezervasiyanız ləğv edildi, ödəniş geri qaytarılacaq.', 'cancel_reservation', '[{"tool": "cancel_reservation", "status": "success"}]', 409, now() - interval '33 days' - interval '20308 seconds'),
('call_hist_043', '+994775918715', 'Salam, rezervasiyamı ləğv etmək istəyirəm. ... Rezervasiyanız ləğv edildi, ödəniş geri qaytarılacaq.', 'cancel_reservation', '[{"tool": "cancel_reservation", "status": "success"}]', 137, now() - interval '33 days' - interval '10114 seconds'),
('call_hist_044', '+994512149597', 'Salam, rezervasiyamı ləğv etmək istəyirəm. ... Rezervasiyanız ləğv edildi, ödəniş geri qaytarılacaq.', 'cancel_reservation', '[{"tool": "cancel_reservation", "status": "success"}]', 166, now() - interval '123 days' - interval '38770 seconds'),
('call_hist_045', '+994519897858', 'Salam, Suite otağın qiyməti nə qədərdir? ... Suite otağımız gecəlik 400 manatdır, minimum 2 gecə.', 'price_inquiry', '[{"tool": "price_inquiry", "status": "success"}]', 107, now() - interval '57 days' - interval '13256 seconds'),
('call_hist_046', '+994518935169', 'Salam, endirim kampaniyanız varmı? ... Bəli, 3 gecədən çox qalanlara Deluxe və Suite otaqlarda 15% endirim var.', 'campaign_inquiry', '[{"tool": "campaign_inquiry", "status": "success"}]', 42, now() - interval '67 days' - interval '66543 seconds'),
('call_hist_047', '+994512149597', 'Salam, CURRENT_DATE+12 tarixinə boş otağınız varmı? ... Bəli, Deluxe otağımız mövcuddur, qiyməti gecəlik 230 manatdır.', 'check_availability', '[{"tool": "check_availability", "status": "success"}]', 230, now() - interval '163 days' - interval '70748 seconds'),
('call_hist_048', '+994774694634', 'Salam, CURRENT_DATE+8 tarixinə boş otağınız varmı? ... Bəli, Suite otağımız mövcuddur, qiyməti gecəlik 400 manatdır.', 'check_availability', '[{"tool": "check_availability", "status": "success"}]', 352, now() - interval '143 days' - interval '69013 seconds'),
('call_hist_049', '+994773109911', 'Salam, spa xidmətiniz varmı? ... Bəli, 60 dəqiqəlik spa paketi 80 manatdır.', 'services_info', '[{"tool": "services_info", "status": "success"}]', 393, now() - interval '77 days' - interval '4947 seconds'),
('call_hist_050', '+994707897151', 'Salam, CURRENT_DATE+2 tarixinə boş otağınız varmı? ... Bəli, Standart otağımız mövcuddur, qiyməti gecəlik 140 manatdır.', 'check_availability', '[{"tool": "check_availability", "status": "success"}]', 287, now() - interval '29 days' - interval '44140 seconds'),
('call_hist_051', '+994994823498', 'Salam, Suite otaq bron etmək istəyirəm. ... Rezervasiyanız təsdiqləndi, 4 gecə, cəmi 1600 manat.', 'create_reservation', '[{"tool": "create_reservation", "status": "success"}]', 224, now() - interval '171 days' - interval '81006 seconds'),
('call_hist_052', '+994512149597', 'Salam, check-in saat neçədədir? ... Check-in saat 14:00-dan başlayır, check-out 12:00-a qədərdir.', 'hotel_info', '[{"tool": "hotel_info", "status": "success"}]', 370, now() - interval '25 days' - interval '17176 seconds'),
('call_hist_053', '+994558633773', 'Salam, spa xidmətiniz varmı? ... Bəli, 60 dəqiqəlik spa paketi 80 manatdır.', 'services_info', '[{"tool": "services_info", "status": "success"}]', 146, now() - interval '113 days' - interval '78282 seconds'),
('call_hist_054', '+994518077999', 'Salam, Deluxe otaq bron etmək istəyirəm. ... Rezervasiyanız təsdiqləndi, 3 gecə, cəmi 1150 manat.', 'create_reservation', '[{"tool": "create_reservation", "status": "success"}]', 365, now() - interval '91 days' - interval '49377 seconds'),
('call_hist_055', '+994514612365', 'Salam, check-in saat neçədədir? ... Check-in saat 14:00-dan başlayır, check-out 12:00-a qədərdir.', 'hotel_info', '[{"tool": "hotel_info", "status": "success"}]', 81, now() - interval '169 days' - interval '20218 seconds'),
('call_hist_056', '+994513320821', 'Salam, Suite otağın qiyməti nə qədərdir? ... Suite otağımız gecəlik 400 manatdır, minimum 2 gecə.', 'price_inquiry', '[{"tool": "price_inquiry", "status": "success"}]', 205, now() - interval '62 days' - interval '21266 seconds'),
('call_hist_057', '+994992197935', 'Salam, endirim kampaniyanız varmı? ... Bəli, 3 gecədən çox qalanlara Deluxe və Suite otaqlarda 15% endirim var.', 'campaign_inquiry', '[{"tool": "campaign_inquiry", "status": "success"}]', 141, now() - interval '150 days' - interval '23703 seconds'),
('call_hist_058', '+994513320821', 'Salam, endirim kampaniyanız varmı? ... Bəli, 3 gecədən çox qalanlara Deluxe və Suite otaqlarda 15% endirim var.', 'campaign_inquiry', '[{"tool": "campaign_inquiry", "status": "success"}]', 36, now() - interval '70 days' - interval '81885 seconds'),
('call_hist_059', '+994705528972', 'Salam, Suite otaq bron etmək istəyirəm. ... Rezervasiyanız təsdiqləndi, 2 gecə, cəmi 400 manat.', 'create_reservation', '[{"tool": "create_reservation", "status": "success"}]', 373, now() - interval '6 days' - interval '21697 seconds'),
('call_hist_060', '+994992197935', 'Salam, CURRENT_DATE+8 tarixinə boş otağınız varmı? ... Bəli, Deluxe otağımız mövcuddur, qiyməti gecəlik 230 manatdır.', 'check_availability', '[{"tool": "check_availability", "status": "success"}]', 43, now() - interval '44 days' - interval '57366 seconds'),
('call_hist_061', '+994558294150', 'Salam, CURRENT_DATE+24 tarixinə boş otağınız varmı? ... Bəli, Standart otağımız mövcuddur, qiyməti gecəlik 140 manatdır.', 'check_availability', '[{"tool": "check_availability", "status": "success"}]', 93, now() - interval '16 days' - interval '5726 seconds'),
('call_hist_062', '+994709147706', 'Salam, check-in saat neçədədir? ... Check-in saat 14:00-dan başlayır, check-out 12:00-a qədərdir.', 'hotel_info', '[{"tool": "hotel_info", "status": "success"}]', 266, now() - interval '128 days' - interval '53852 seconds'),
('call_hist_063', '+994998082668', 'Salam, spa xidmətiniz varmı? ... Bəli, 60 dəqiqəlik spa paketi 80 manatdır.', 'services_info', '[{"tool": "services_info", "status": "success"}]', 269, now() - interval '164 days' - interval '47749 seconds'),
('call_hist_064', '+994502571945', 'Salam, CURRENT_DATE+13 tarixinə boş otağınız varmı? ... Bəli, Deluxe otağımız mövcuddur, qiyməti gecəlik 230 manatdır.', 'check_availability', '[{"tool": "check_availability", "status": "success"}]', 286, now() - interval '113 days' - interval '31133 seconds'),
('call_hist_065', '+994556770619', 'Salam, CURRENT_DATE+20 tarixinə boş otağınız varmı? ... Bəli, Deluxe otağımız mövcuddur, qiyməti gecəlik 230 manatdır.', 'check_availability', '[{"tool": "check_availability", "status": "success"}]', 99, now() - interval '70 days' - interval '58222 seconds'),
('call_hist_066', '+994776075395', 'Salam, Suite otağın qiyməti nə qədərdir? ... Suite otağımız gecəlik 400 manatdır, minimum 2 gecə.', 'price_inquiry', '[{"tool": "price_inquiry", "status": "success"}]', 340, now() - interval '135 days' - interval '80031 seconds'),
('call_hist_067', '+994519897858', 'Salam, check-in saat neçədədir? ... Check-in saat 14:00-dan başlayır, check-out 12:00-a qədərdir.', 'hotel_info', '[{"tool": "hotel_info", "status": "success"}]', 394, now() - interval '29 days' - interval '37346 seconds'),
('call_hist_068', '+994771666754', 'Salam, Suite otağın qiyməti nə qədərdir? ... Suite otağımız gecəlik 400 manatdır, minimum 2 gecə.', 'price_inquiry', '[{"tool": "price_inquiry", "status": "success"}]', 246, now() - interval '86 days' - interval '58841 seconds'),
('call_hist_069', '+994772642635', 'Salam, check-in saat neçədədir? ... Check-in saat 14:00-dan başlayır, check-out 12:00-a qədərdir.', 'hotel_info', '[{"tool": "hotel_info", "status": "success"}]', 253, now() - interval '80 days' - interval '30671 seconds'),
('call_hist_070', '+994558294150', 'Salam, rezervasiyamı ləğv etmək istəyirəm. ... Rezervasiyanız ləğv edildi, ödəniş geri qaytarılacaq.', 'cancel_reservation', '[{"tool": "cancel_reservation", "status": "success"}]', 81, now() - interval '21 days' - interval '69993 seconds'),
('call_hist_071', '+994775918715', 'Salam, check-in saat neçədədir? ... Check-in saat 14:00-dan başlayır, check-out 12:00-a qədərdir.', 'hotel_info', '[{"tool": "hotel_info", "status": "success"}]', 319, now() - interval '15 days' - interval '31348 seconds'),
('call_hist_072', '+994552217071', 'Salam, spa xidmətiniz varmı? ... Bəli, 60 dəqiqəlik spa paketi 80 manatdır.', 'services_info', '[{"tool": "services_info", "status": "success"}]', 216, now() - interval '170 days' - interval '40562 seconds'),
('call_hist_073', '+994706692553', 'Salam, endirim kampaniyanız varmı? ... Bəli, 3 gecədən çox qalanlara Deluxe və Suite otaqlarda 15% endirim var.', 'campaign_inquiry', '[{"tool": "campaign_inquiry", "status": "success"}]', 194, now() - interval '90 days' - interval '61474 seconds'),
('call_hist_074', '+994994823498', 'Salam, spa xidmətiniz varmı? ... Bəli, 60 dəqiqəlik spa paketi 80 manatdır.', 'services_info', '[{"tool": "services_info", "status": "success"}]', 149, now() - interval '27 days' - interval '25430 seconds'),
('call_hist_075', '+994778574680', 'Salam, endirim kampaniyanız varmı? ... Bəli, 3 gecədən çox qalanlara Deluxe və Suite otaqlarda 15% endirim var.', 'campaign_inquiry', '[{"tool": "campaign_inquiry", "status": "success"}]', 328, now() - interval '57 days' - interval '48213 seconds'),
('call_hist_076', '+994706692553', 'Salam, endirim kampaniyanız varmı? ... Bəli, 3 gecədən çox qalanlara Deluxe və Suite otaqlarda 15% endirim var.', 'campaign_inquiry', '[{"tool": "campaign_inquiry", "status": "success"}]', 380, now() - interval '164 days' - interval '74766 seconds'),
('call_hist_077', '+994771666754', 'Salam, CURRENT_DATE+22 tarixinə boş otağınız varmı? ... Bəli, Suite otağımız mövcuddur, qiyməti gecəlik 400 manatdır.', 'check_availability', '[{"tool": "check_availability", "status": "success"}]', 127, now() - interval '69 days' - interval '57749 seconds'),
('call_hist_078', '+994555017343', 'Salam, rezervasiyamı ləğv etmək istəyirəm. ... Rezervasiyanız ləğv edildi, ödəniş geri qaytarılacaq.', 'cancel_reservation', '[{"tool": "cancel_reservation", "status": "success"}]', 324, now() - interval '168 days' - interval '60513 seconds'),
('call_hist_079', '+994518935169', 'Salam, CURRENT_DATE+24 tarixinə boş otağınız varmı? ... Bəli, Standart otağımız mövcuddur, qiyməti gecəlik 140 manatdır.', 'check_availability', '[{"tool": "check_availability", "status": "success"}]', 417, now() - interval '135 days' - interval '36932 seconds'),
('call_hist_080', '+994513320821', 'Salam, check-in saat neçədədir? ... Check-in saat 14:00-dan başlayır, check-out 12:00-a qədərdir.', 'hotel_info', '[{"tool": "hotel_info", "status": "success"}]', 224, now() - interval '79 days' - interval '50052 seconds'),
('call_hist_081', '+994773109911', 'Salam, endirim kampaniyanız varmı? ... Bəli, 3 gecədən çox qalanlara Deluxe və Suite otaqlarda 15% endirim var.', 'campaign_inquiry', '[{"tool": "campaign_inquiry", "status": "success"}]', 114, now() - interval '40 days' - interval '65916 seconds'),
('call_hist_082', '+994776075395', 'Salam, CURRENT_DATE+3 tarixinə boş otağınız varmı? ... Bəli, Suite otağımız mövcuddur, qiyməti gecəlik 400 manatdır.', 'check_availability', '[{"tool": "check_availability", "status": "success"}]', 373, now() - interval '108 days' - interval '69135 seconds'),
('call_hist_083', '+994558633773', 'Salam, spa xidmətiniz varmı? ... Bəli, 60 dəqiqəlik spa paketi 80 manatdır.', 'services_info', '[{"tool": "services_info", "status": "success"}]', 297, now() - interval '29 days' - interval '54874 seconds'),
('call_hist_084', '+994778574680', 'Salam, check-in saat neçədədir? ... Check-in saat 14:00-dan başlayır, check-out 12:00-a qədərdir.', 'hotel_info', '[{"tool": "hotel_info", "status": "success"}]', 304, now() - interval '170 days' - interval '21241 seconds'),
('call_hist_085', '+994555017343', 'Salam, CURRENT_DATE+13 tarixinə boş otağınız varmı? ... Bəli, Standart otağımız mövcuddur, qiyməti gecəlik 140 manatdır.', 'check_availability', '[{"tool": "check_availability", "status": "success"}]', 38, now() - interval '52 days' - interval '26174 seconds'),
('call_hist_086', '+994555017343', 'Salam, Standart otaq bron etmək istəyirəm. ... Rezervasiyanız təsdiqləndi, 3 gecə, cəmi 420 manat.', 'create_reservation', '[{"tool": "create_reservation", "status": "success"}]', 202, now() - interval '30 days' - interval '79254 seconds'),
('call_hist_087', '+994514744854', 'Salam, check-in saat neçədədir? ... Check-in saat 14:00-dan başlayır, check-out 12:00-a qədərdir.', 'hotel_info', '[{"tool": "hotel_info", "status": "success"}]', 229, now() - interval '136 days' - interval '18140 seconds'),
('call_hist_088', '+994998082668', 'Salam, spa xidmətiniz varmı? ... Bəli, 60 dəqiqəlik spa paketi 80 manatdır.', 'services_info', '[{"tool": "services_info", "status": "success"}]', 238, now() - interval '10 days' - interval '32768 seconds'),
('call_hist_089', '+994706692553', 'Salam, CURRENT_DATE+3 tarixinə boş otağınız varmı? ... Bəli, Deluxe otağımız mövcuddur, qiyməti gecəlik 230 manatdır.', 'check_availability', '[{"tool": "check_availability", "status": "success"}]', 254, now() - interval '146 days' - interval '6839 seconds');

INSERT INTO knowledge_base (content, category, source) VALUES
('Uşaqlar üçün qayda: 6 yaşa qədər uşaqlar valideynlə eyni otaqda pulsuz qalır. 6-12 yaş arası əlavə çarpayı 30 manatdır.', 'policy', 'synthetic_kb.md'),
('Ev heyvanları yalnız 5 kq-a qədər kiçik itlər üçün icazəlidir, gecəlik əlavə 20 manat. Suite otaqlarda ev heyvanı qadağandır.', 'policy', 'synthetic_kb.md'),
('Siqaret çəkmək bütün otaqlarda qadağandır. Pozuntu halında 100 manat cərimə tutulur. Terrasda ayrılmış zona mövcuddur.', 'policy', 'synthetic_kb.md'),
('Ödəniş üsulları: nağd, Visa/MasterCard, bank köçürməsi. Rezervasiya zamanı ilk gecənin qiyməti depozit kimi tutulur.', 'policy', 'synthetic_kb.md'),
('Hava limanından otelə transfer 35 manatdır, əvvəlcədən sifariş tələb olunur. Taksi ilə gəliş təxminən 25-30 dəqiqə çəkir.', 'faq', 'synthetic_kb.md'),
('Otelin pulsuz parkinqi var, yer sayı məhduddur. Elektromobil üçün 2 şarj yeri mövcuddur.', 'faq', 'synthetic_kb.md'),
('Səhər yeməyi restoranda 07:00-10:30 arası verilir. Otağa səhər yeməyi sifarişi əlavə 10 manatdır.', 'faq', 'synthetic_kb.md'),
('Fitness zal 24 saat açıqdır, giriş otaq kartı ilədir. Hovuz 07:00-22:00, spa mərkəzi 10:00-21:00 arası işləyir.', 'faq', 'synthetic_kb.md'),
('Spa paketinə 60 dəqiqəlik klassik masaj, türk hamamı və sauna daxildir. Cütlük paketi 140 manatdır.', 'service_desc', 'synthetic_kb.md'),
('Konfrans zalı 80 nəfərlikdir, proyektor və səs sistemi ilə təchiz olunub. Günlük icarə 500 manat, otel qonaqlarına 20% endirim.', 'service_desc', 'synthetic_kb.md'),
('Bal ayı paketi: Suite otaqda 3 gecə, şampan, gül bəzəyi və cütlük spa — 1350 manat əvəzinə 1100 manat.', 'marketing', 'synthetic_kb.md'),
('Erkən rezervasiya endirimi: 30 gün əvvəl bron edənlərə bütün otaq tiplərində 10% endirim tətbiq olunur.', 'marketing', 'synthetic_kb.md');
